pubchem_id,name
6322,L-arginine
6736,3-Methylindole
31252,2;5-Dimethylpyrazine
7909,4-Methyl-2-pentanone
7284,2-Methylbutyraldehyde
7501,Styrene
9609,Diethyl sulfide
12180,Methyl butyrate
18827,1-Octen-3-Ol
18635,3-(Methylthio)propionaldehyde
612,lactic acid
19602,2-Pentylfuran
11509,3-Hexanone
6202,Thiamine Hydrochloride
454,Octanal
957,1-octanol
12266,2;5-Dimethylfuran
18554,2-Ethylfuran
798,indole
342,m-cresol
12748,4-Methylthiazole
8184,1-Undecanol
3776,isopropanol
31289,Nonanal
5311110,50-69-1
8094,Heptanoic Acid
9261,Pyrazine
994,Dl-Phenylalanine
12232,Dimethyl disulfide
998,phenylacetaldehyde
8027,Pyrrole
6140,L-phenylalanine
11747,2;3-Pentanedione
5321950,Tiglic aldehyde
996,phenol
878,methanethiol
6274,L-histidine
8093,Octan-2-one
1049,Pyridine
379,octanoic acid
402,hydrogen sulfide
27457,2-Ethyl-3-Methylpyrazine
1068,dimethyl sulfide
12097,5-Methylfurfural
1130,thiamine
7976,2-Methylpyrazine
247,betaine
16666,l-Menthol
644104,CID 644104
12020,1-Penten-3-Ol
527,Propionaldehyde
2879,P-Cresol
7895,2-Pentanone
6561,Isobutyraldehyde
11552,3-Methylbutanal
323,coumarin
7150,Methyl Benzoate
637566,Geraniol
439341,alpha-Maltose
33931,2-Ethyl-4-hydroxy-5-methyl-3(2H)-furanone
6072,Phlorizin
12587,4-Methylpentanoic Acid
5281708,daidzein
240,benzaldehyde
244,benzyl alcohol
441484,alpha-L-Sorbopyranose
1889,DL-Liquiritigenin
4788,phloretin
6184,Hexanal
11128,Linamarin
8723,2-Methyl-1-Butanol
12756,gamma-Caprolactone
338,salicylic acid
11005,Tetradecanoic acid
1183,vanillin
5280511,(Z)-cinnamyl alcohol
5315892,cinnamyl alcohol
15394,Ethyl Vinyl Ketone
784,hydrogen peroxide
14286,2-Acetylpyridine
8892,Hexanoic Acid
853433,Isoeugenol
7654,Phenethyl acetate
702,ethanol
999,Phenylacetic Acid
643941,cis-3-Hexenal
637511,cinnamaldehyde
8063,Pentanal
637775,Sinapic Acid
8452,Cyclopentanone
6986,2-Isopropyl-5-methylcyclohexanone
6054,2-Phenylethanol
439263,(+)-Neomenthol
7937,2;6-Dimethylpyridine
1110,succinic acid
5284639,NSC5112
5280443,apigenin
5318042,trans-2-Hexen-1-Ol
3893,lauric acid
31260,3-Methyl-1-butanol
107,3-Phenylpropanoic acid
10393,2-(4-Hydroxyphenyl)ethanol
7847,Acrolein
441005,(+)-delta-Cadinene
6050,Tributyrin
10797,2-Methylfuran
13144,calcium lactate
650,2;3-butanedione
638278,isoliquiritigenin
444539,Cinnamic Acid
5280598,Farnesal
8768,3;4-Dihydroxybenzaldehyde
1032,propionic acid
445070,farnesol
107971,Daidzin
10448,3-methylthiopropanol
638011,Citral
6560,2-Methyl-1-propanol
284,formic acid
985,palmitic acid
6590,Isobutyric Acid
6584,Methyl Acetate
5367719,Methyl jasmonate
72,3;4-Dihydroxybenzoic Acid
89594,nicotine
5280863,kaempferol
8103,1-Hexanol
10430,Isovaleric Acid
439533,Taxifolin
6251,D-mannitol
802,indole-3-acetic acid
49,3-Methyl-2-oxobutanoic acid
79803,1-Pyrroline
8868,ethyl acetoacetate
26447,Menthone
1549026,Geranyl Acetate
5363388,cis-3-Hexenyl acetate
30914,Acetylpyrazine
7858,Allyl Alcohol
31268,Pyrrolidine
439246,naringenin
9862,6-Methyl-5-Hepten-2-One
768,hydrogen cyanide
2345,Benzyl Benzoate
5284503,trans-3-Hexen-1-ol
8857,Ethyl Acetate
5365811,4-Hexen-3-One
643779,Neral
2969,Decanoic acid
7362,2-Furaldehyde
61020,3-Methyl-2-butenal
7288,3-Pentanone
85730,14400-67-0
1031,1-propanol
8130,Heptanal
180,acetone
6569,2-Butanone
61503,D-Lactic acid
126,4-hydroxybenzaldehyde
5280445,luteolin
637542,p-coumaric acid
12209,2-Methylbutyl Acetate
5372954,cis-Cinnamic acid
8468,Vanillic acid
643731,Violet leaf aldehyde
7344,Ethyl Lactate
5366074,Damascenone
25915,2-Ethyl-5-Methylpyrazine
460,guaiacol
7824,Methyl Hexanoate
31276,Isoamyl Acetate
332,2-Methoxy-4-vinylphenol
7997,Propyl acetate
8369,Maltol
32065,23747-48-0
12366,Ethyl Palmitate
8158,Nonanoic Acid
8908,Hexyl acetate
19309,3658-77-3
11173,3-Methyl-2-Buten-1-Ol
10883,Ethyl Levulinate
11559,alpha-Angelica lactone
7361,Furfuryl Alcohol
12170,Furfuryl acetate
7359,2-Ethylbutanal
5960,L-aspartic acid
880,methylglyoxal
5365891,2-Octen-4-one
5367531,(2E;4E)-Undeca-2;4-dienal
7795,Isoamyl butyrate
20083,Octan-2-ol
10558,Isobutyl mercaptan
16617,Isopentyl hexanoate
222656,L-Malic acid
5283349,(2E;4E)-deca-2;4-dienal
7799,Ethyl Octanoate
61030,Octyl butyrate
12613,Isoamyl Isovalerate
7193,Isopentyl benzoate
8025,Ethyl Formate
17525,Hexyl Butyrate
13187,2-Nonanone
16821,gamma-Dodecalactone
8052,Isopentyl formate
264,butyric acid
753,glycerol
5362583,Ethyl trans-4-decenoate
639665,Xanthohumol
72277,(-)-Epigallocatechin
3314,eugenol
8129,1-Heptanol
14079,2-Acetylpyrrole
7945,Ethyl Isovalerate
8914,1-Nonanol
10976,2-Heptanol
10957,Isobutyl Formate
643139,3-Hexenal
17100,alpha-TERPINEOL
7655,Phenethyl isobutyrate
7707,3-Phenylpropanal
1146,trimethylamine
8842,Citronellol
75515,S-Methyl hexanethioate
18698,Delta-Nonalactone
61592,Ethyl 3-(methylthio)propionate
61386,Isoamyl laurate
12813,gamma-Decalactone
1491,2;4-dihydroxybenzoic acid
7742,gamma-Heptalactone
7762,Ethyl Butyrate
445154,resveratrol
7915,Isopropyl Acetate
7848,1-Propanethiol
8792,Phenylethyl isovalerate
24115,Acetyl isobutyryl
14296,2;3;5;6-Tetramethylpyrazine
7151,Methyl Nicotinate
7460,Alpha-Phellandrene
529496,2-Heptyl butanoate
5282708,trans-3-Hexenoic acid
19707,2;3-Hexanedione
5362622,Ethyl 3-Hexenoate
8159,Heptyl acetate
26808,2;3;5-Trimethylpyrazine
8432,1-Phenylethyl propionate
8169,Heptyl formate
15037,1-Furfurylpyrrole
62484,3-Hydroxy-2-Pentanone
1001,Phenethylamine
9064,Cianidanol
5284507,Nerolidol
73750,S-Methyl thioacetate
636687,2;6-Nonadienal
8186,Undecanal
26331,2-Ethylpyrazine
10886,Pentyl Hexanoate
7797,Ethyl Heptanoate
8038,Isobutyl Acetate
8655,Syringaldehyde
8175,Decanal
6998,Salicylaldehyde
16255,Isopentyl octanoate
26334,2-Ethyl-3;5-Dimethylpyrazine
7894,Isoamylamine
61384,2-Phenylethyl hexanoate
7800,Ethyl dodecanoate
8007,Butylamine
62465,4-Ethyl-2-methoxyphenol
72276,(-)-Epicatechin
7658,Phenethyl butyrate
31283,Ethyl tetradecanoate
5281168,trans-2-Hexenal
22386,2-Pentanol
8193,1-Dodecanol
5352905,4-Propenyl-2;6-dimethoxyphenol
5281,stearic acid
7775,Isobutyl hexanoate
679,dimethyl sulfoxide
8180,Undecanoic Acid
21057,1-Hepten-3-Ol
62453,4-Vinylphenol
31291,Tetradecanal
229888,2-Phenylethyl octanoate
146586,Prenylthiol
8051,2-Heptanone
65064,(-)-Epigallocatechin gallate
88290,19872-52-7
107905,(-)-Epicatechin gallate
5280343,quercetin
16872,Hexyl isobutyrate
7772,Isoamyl propionate
22201,2;3-Dimethylpyrazine
9017,Citronellyl acetate
520108,2-Acetylthiazole
19310,Dimethyl trisulfide
61171,S-Ethyl ethanethioate
85519,3-(Methylthio)propyl acetate
5463238,2-Hepten-4-One
58,2-oxobutanoic acid
8174,1-Decanol
9256,Thiazole
12367,2-Nonanol
964,3-Hydroxypyruvic acid
135,4-Hydroxybenzoic Acid
1549018,cis-Jasmone
1060,Pyruvic acid
61712,4-Ethylsyringol
10925,Isoamyl mercaptan
445639,oleic acid
7342,Ethyl Isobutyrate
31251,Ethyl Nonanoate
569214,1-Phenylethyl isobutyrate
519786,Isopentyl isobutyrate
7222,Benzothiazole
65084,Gallocatechin
513197,Isoxanthohumol
14505,2-Acetylfuran
8163,2-Undecanone
7302,gamma-Butyrolactone
7646,Benzyl isobutyrate
5054,resorcinol
9589,3-Acetylpyridine
31253,Myrcene
8918,Nonyl Acetate
61048,Isobutyl benzoate
61209,3-Methylcyclopentane-1;2-dione
61664,13679-85-1
8194,Dodecanal
14514,2-Acetyl-5-Methylfuran
31225,2-Phenylethyl propionate
61743,9-Decenoic acid
5282726,4-Decenoic acid
5283335,trans-2-Nonenal
7144,2-Methoxy-4-Methylphenol
7749,Ethyl Propionate
15406,Fenchol
31245,2-Methylpentanal
240925,2;6-Dimethoxy-4-methylphenol
5319754,2-Methyl-2-Pentenal
31242,4-Ethylphenol
7710,gamma-Nonanolactone
8314,2-Methylbutanoic acid
6086514,Geranyl isobutyrate
638122,2-Pentenoic Acid
442428,naringin
10823,3-Ethylpyridine
14228,Hexyl octanoate
62835,28664-35-9
522676,Isoamyl nonanoate
65285,S-Methyl 2-methylbutanethioate
643820,nerol
5284421,Methyl Linoleate
7921,gamma-Valerolactone
20653,2-Methylhexanoic Acid
5364399,Ethyl 2-octenoate
12327,Ethyl Undecanoate
8073,Propyl Formate
7711,2-Phenylethyl formate
263,1-butanol
61814,2;4-Dimethylbenzaldehyde
1136,4-Methyl-5-Thiazoleethanol
8091,Methyl octanoate
326,4-isopropylbenzaldehyde
11508,3-Methyl-1-Pentanol
11902,Methyl 2-furoate
637758,Ethyl Cinnamate
5364231,cis-3-Hexenyl lactate
31265,Ethyl caproate
31249,Diethyl Succinate
10885,Isobutyl butyrate
7165,Ethyl Benzoate
7761,Diethyl Malonate
9895,beta-Cyclocitral
8748,Beta-Terpineol
638014,Beta-Ionone
83036,13002-09-0
5281167,(Z)-Hex-3-en-1-ol
31284,Methyl tetradecanoate
5364778,Ethyl hex-2-enoate
177,acetaldehyde
6654,Alpha-Pinene
8294,Linalyl Acetate
14896,Beta-Pinene
22873,Hexyl Hexanoate
12810,Delta-Decalactone
170833,Isopulegol
62572,Ethyl 3-hydroxybutyrate
11527,3-Octanol
11335,2;6-Dimethylphenol
24020,Ethyl 2-methylbutyrate
7409,1-Phenylethanol
12230,Ethyl methyl sulfide
1549521,3-(2-Furyl)acrolein
637920,Methyl propenyl ketone
7938,2;6-Dimethylpyrazine
8858,Mesityl Oxide
8122,Ethyl Stearate
61400,3;4-Dimethoxystyrene
8139,Methyl Dodecanoate
7770,Propyl butyrate
12293,Propyl Hexanoate
429065,Ethyl Crotonate
12580,4-Propylphenol
60983,2;3-Heptanedione
7462,Alpha-Terpinene
7803,Propyl Propionate
17739,2-Methoxy-4-Propylphenol
10895,Isobutyl propionate
7341,2-Methylpentanoic acid
18522,2-Methyltetrahydrofuran-3-One
335,o-cresol
7765,Acetal
16237,Ethyl 3-phenylpropionate
6874,Isoamyl salicylate
31272,Butyl acetate
4133,methyl salicylate
735940,623-15-4
8365,Ethyl salicylate
5318599,trans-2-Octen-1-Ol
61450,Ethyl 3-(2-furyl)propionate
31226,3-Phenylpropyl acetate
62900,Whiskey lactone
61586,4-(Ethoxymethyl)-2-methoxyphenol
11622,2-Tridecanone
62092,p-Tolyl isovalerate
18686,Ethyl cyclohexanecarboxylate
10882,Ethyl pentanoate
7755,3-Methylvaleric acid
229377,Propyl heptanoate
5282108,Alpha-Ionone
12777,delta-Octanolactone
7095,Biphenyl
60979,Ethyl 4-methoxybenzoate
6549,Linalool
31234,3-Phenylpropan-1-ol
16220110,cis-3-Hexenyl crotonate
6985,2';4'-Dimethylacetophenone
12041,Ethyl Pyruvate
102550,Lavender lactone
602,Dl-Alanine
7590,Ethyl Phenylacetate
5366038,2-Butenoic acid; hexyl ester
5280804,Isoquercitrin
8635,Methyl Anthranilate
6544,Isophorone
6440397,caftaric acid
18467,2-Methoxypyrazine
12206,Methyl Valerate
68077,Tangeretin
1550470,Ethyl Sorbate
7351,Isobutyl isobutyrate
7720,2-Ethylhexan-1-ol
179,acetoin
5275520,Geranic Acid
6428929,3-hydroxy-4-phenylbutan-2-one
11732,3-Methyl-2-Butanol
5281654,Isorhamnetin
5366264,Hotrienol
875,DL-Tartaric acid
595928,4-Methyl-2-phenyl-1;3-dioxolane
5273467,Isopentyl cinnamate
24197,Diethyl Malate
7957,2;6-Dimethyl-4-heptanol
5324489,cis-2-Hexen-1-ol
61293,Ethyl 3-hydroxyhexanoate
8164,Octyl acetate
226486,4-Allyl-2;6-dimethoxyphenol
2733294,trans-2-Hexenyl acetate
521246,3-oxobutan-2-yl acetate
520326,3-Methylbutyl 2-methylbutanoate
6993580,87-91-2
11579,Levulinic Acid
5372813,Alpha-Methylcinnamaldehyde
62445,2-Methylbutyl isovalerate
4,1-Aminopropan-2-ol
8375,2'-Hydroxyacetophenone
32594,2-Isobutyl-3-Methoxypyrazine
8438,Piperonal
11614,Butyl Formate
7476,4'-Methoxyacetophenone
7469,4'-Hydroxyacetophenone
520098,24168-70-5
228583,2-Furylacetone
17898,2-Methoxy-3-Methylpyrazine
12257,Isopropyl Formate
8082,Piperidine
61641,Methyl 3-(methylthio)propionate
6989,Thymol
7002,1-Methylnaphthalene
61275,Nerol oxide
61665,13679-86-2
61455,Hexyl isovalerate
249494,3;7-Dimethyloctane-1;7-diol
5363229,3-Octen-2-One
17000,2;2;6-Trimethylcyclohexanone
243,benzoic acid
24838,Hexyl 2-methylbutanoate
61185,Amyl octanoate
229387,Decyl butyrate
8738,Butyl Lactate
15606,Methyl Nonanoate
33166,2-Isopropyl-3-Methoxypyrazine
5282707,trans-2-Hexenoic acid
10795,1;1-Dimethoxyethane
27866,Rose oxide
106441,2-isopropyl-6-methoxypyrazine
61953,Theaspirane
5282109,Geranyl formate
7826,Methyl Heptanoate
11468,1-Terpineol
261,butyraldehyde
522514,Linaloyl oxide
25611,2-Methyl-3-Heptanone
11514,Isobutyl Isovalerate
70,4-Methyl-2-oxovaleric acid
5363526,Ocimene quintoxide
8499,Methyl 4-Methoxybenzoate
1549025,Neryl acetate
6506,Triethyl Citrate
7249,3;4-Dimethylphenol
7456,Methyl 4-hydroxybenzoate
7520,Thioanisole
7363,Furfuryl mercaptan
61260,2-Propionylpyrrole
6430892,1-Butanol; 3-mercapto-2-methyl-
62539,3;4-Hexanedione
61988,2-Acetyl-1-ethylpyrrole
31246,4-Heptanone
61661,2-(Methoxymethyl)furan
104620,4;5-Dimethyl-2-propyloxazole
30215,2;4;5-Trimethyloxazole
62069,2-Ethyl-4;5-dimethyloxazole
6428802,6;7-Dihydro-2;3-Dimethyl-5H-Cyclopentapyrazine
61199,698-10-2
3017596,2;5-Dimethyl-4-ethoxy-3(2H)-furanone
7802,3-Heptanone
3321360,3-Methylcyclohexane-1;2-dione
77837,2;5-Dimethylthiazole
6429333,2-Phenyl-2-Butenal
61663,13679-70-4
17016,2;3;6-Trimethylphenol
36225,2;5-Diethyl-3-Methylpyrazine
61527,3-Acetyl-2;5-dimethylfuran
65427,5-Ethyl-2-hydroxy-3-methylcyclopent-2-en-1-one
61658,Furfuryl isovalerate
7148,Propiophenone
14511,3-Methyl-2-Cyclohexen-1-One
36822,5;6;7;8-Tetrahydroquinoxaline
7360,Tetrahydrofurfuryl Alcohol
102611,6-methyl-2-(oxiran-2-yl)hept-5-en-2-ol
121694,2;5-Dimethyl-4-ethyloxazole
61261,2-(Methylthio)phenol
11520,3-Heptanol
7708,Benzyl formate
61240,2-Acetyl-1-methylpyrrole
521300,1-Hydroxybutan-2-one
2734646,2;3-Dimethylbenzofuran
8712,2-Methylbenzenethiol
10931,3;3-Dimethylacrylic acid
26204,5-Methylhexane-2;3-dione
26335,2-Methyl-5-Vinylpyrazine
7047,Quinoline
61252,Tetrahydrothiophen-3-one
61166,Furfuryl propionate
525358,ethyl methyl trisulfide
28905,2;3-Diethyl-5-Methylpyrazine
12570,2-Propylphenol
23642,2-Methoxybenzenethiol
26333,2-Isobutyl-3-Methylpyrazine
123388,Ethyl methyl disulfide
11124,Methyl Propionate
34286,2-Methyl-3-furanthiol
20499,Difurfuryl Disulfide
246728,3-Octanone
520682,3-Mercapto-3-methyl-1-butanol
7509,Benzyl Mercaptan
62510,4;5-Dimethylthiazole
61670,5-Methylquinoxaline
11160,Methyl isovalerate
7267,2;5-Dimethylphenol
87466,2-Propylpyrazine
61657,2-Methyl-5-(methylthio)furan
61303,2-Pentadecanone
2519,caffeine
61700,2-Isopropyl-5-methylpyrazine
10341,2(5H)-Furanone
526487,3-Mercapto-3-methylbutyl formate
61662,S-Methyl 2-furancarbothioate
62131,Furfuryl methyl disulfide
263034,Difurfuryl ether
27440,2-Ethyl-4-Methylthiazole
7728,5-Ethyl-2-methylpyridine
61634,13494-07-0
11363,1-Phenyl-1;2-Propanedione
20534,2-Butylfuran
104722,1-(3;6-dimethylpyrazin-2-yl)ethanone
32093,2-Acetyl-3-Methylpyrazine
7559,Methyl Phenylacetate
528698,42348-12-9
61656,1-(Methylthio)-2-butanone
61660,S-Furfuryl thioacetate
61633,3;4-Dimethyl-1;2-cyclopentanedione
62385,1195-32-0
151199,2-(4-Methoxyphenoxy)propanoic acid
61659,Difurfuryl sulfide
10887828,2-Methylthioacetaldehyde
11449,Octane-2;3-dione
61653,2;4;5-Trimethylthiazole
518937,Furfuryl methyl sulfide
519732,5-Ethyl-2-methylthiazole
7583,Diphenyl oxide
526624,Bis(2-methyl-3-furyl)disulfide
61041,Safranal
5352543,cis-3-Hexenyl hexanoate
35821,Dihydro-alpha-ionone
5281929,Methyl jasmonate
5367706,cis-3-Hexenyl benzoate
9016,1;4-Dimethoxybenzene
5370101,6-Methylhepta-3;5-dien-2-one
16217806,Vitamin U
13204,delta-Hexalactone
5363140,5-Methyl-3-Hexen-2-One
62374,1125-21-9
5352626,Jasmine lactone
309,Aconitic Acid
7704,104-50-7
6341,Ethanamine
876,Dl-Methionine
10748,7-Methoxycoumarin
24261,Silica
8021,Diethylamine
5283324,trans-2-Octenal
6436017,1-Popc
442355,AC1L9CNW
12741,2-Decanone
5280666,Chrysoeriol
25310,L-Rhamnose
11583,2-Hexanone
10408,6;10;14-Trimethylpentadecan-2-one
5281515,Beta-Caryophyllene
931,naphthalene
1213,4a(2H)-Naphthol; octahydro-4;8a-dimethyl-
442501,(+)-alpha-Terpineol
2758,Eucalyptol
12297,2-Hexanol
11265,2-Methyl-3-Pentanone
5284656,(Z)-Ethyl cinnamate
6363,Isopropylamine
4114,methoxsalen
12306047,alpha-Muurolene
4947,propyl gallate
15448,2-Undecanol
1713001,Nerylacetone
22311,Dipentene
7247,1;2;4-Trimethylbenzene
5962,L-lysine
7043,1;2-Dimethoxybenzene
20928,1-Hexen-3-Ol
10586,Bisabolol
5283321,trans;trans-2;4-Heptadienal
5317319,beta-cis-farnesene
289151,Longifolene
25311,Tridecanal
2214,Acetovanillone
10364,Carvacrol
5365587,cis-3-Hexenyl formate
61177,Hexyl formate
16846,Propyl Benzoate
23235,Hexyl benzoate
7714,Gamma-undecalactone
1616260,23726-92-3
61204,delta-Undecalactone
5362814,cis-4-Heptenal
118855872,Glycerides; palm-oil mono- and di-; hydrogenated; 3-oxooctanoates
92043681,Glycerides; palm-oil mono- and di-; hydrogenated; 3-oxododecanoates
641248,4-Hexen-1-Ol
12844,Delta-Dodecalactone
7519,Anisole
5283345,trans-2-Decenal
5364752,trans-2-Pentenal
61235,3-Nonanone
520296,delta-Tetradecalactone
5283316,(E)-Hept-2-enal
13576,3-Decanone
16832,Isopropyl Hexanoate
560255,Ethyl 3-methylpentanoate
6915,2-Ethylbutyric Acid
62089,4-Methyloctanoic acid
7983,Butyl butyrate
5283329,(2E;4E)-Octa-2;4-dienal
90246,S-Methyl 3-methylbutanethioate
21108,8-Nonen-2-one
7731,4-Methylanisole
7353,Butyl isobutyrate
13357,Methyl 2-methylbutyrate
61184,Isopropyl butyrate
521869,S-Methyl propanethioate
62444,S-Methyl thiobutyrate
8167,Decyl Acetate
6321405,Isoborneol
7981,Butyl Isovalerate
9025,1;3-Dimethoxybenzene
93236,2;3;5-Trithiahexane
15380,Bis(methylthio)methane
637520,Methyl cinnamate
81221,2;4-Dimethylanisole
8012,1-Butanethiol
61840,4-Ethyloctanoic acid
62003,4-Methylnonanoic acid
14529,2-(4-methylphenyl)propan-2-ol
88454,Hexyl propionate
10582,Myrtenol
8785,Benzyl Acetate
1030,1;2-propanediol
12178,3-Hexanol
8500,4'-Methylacetophenone
247573,Isobornyl acetate
1549778,Geranylacetone
473,4-Methylthio-2-oxobutanoic acid
6943,2-Isopropylphenol
544628,5;6-dimethyloxan-2-one
1123,taurine
5283356,2-Undecenal
1182,DL-Valine
5971,Allyl Isothiocyanate
5283361,trans-2-Dodecenal
61346,1-Octen-3-One
8405,Isoquinoline
107689,L-Lactic acid
5352876,3;5-Octadien-2-one
27209,4;4;7a-Trimethyl-5;6;7;7a-tetrahydrobenzofuran-2(4H)-one
101750,p-Camphorene
443158,(-)-Linalool
10402,Citronellic acid
7794,Citronellal
20745,6-Methylhept-5-en-2-ol
61435,Linalyl octanoate
32033,3;5-Dimethyl-1;2;4-Trithiolane
5364919,cis-2-Penten-1-ol
637564,2;4-Hexadienal
5365004,trans-2-Undecen-1-ol
78925,2-(Methylthio)ethanol
5283339,trans;trans-2;4-Nonadienal
181128,Saupirin
99967,Grosheimin
85704,Naringen
5780,D-Sorbitol
5367412,1;3;5-Undecatriene
11543,2-Methyl-2-Pentanol
12294,Butyl hexanoate
21596,Butyl Heptanoate
10890,Pentyl Butyrate
12571,Propyl Isobutyrate
61015,Butyl laurate
12401,Nonadecane
5281516,alpha-Farnesene
5281162,3025-30-7
8815,Estragole
5352837,cis-5-Octen-1-ol
12278,2-Pentyl Acetate
11529,Butyl propionate
6568,2-Butanol
12348,Amyl acetate
78199,Ethyl (methylthio)acetate
5352438,16491-36-4
8048,Ethyl Decanoate
11039,Methyl Isobutyrate
13654,Isopropyl Benzoate
5352770,Ethyl cis-4-octenoate
24433,Butyl Anthranilate
11230,Terpinen-4-ol
12529,Pentyl formate
7991,Valeric acid
61137,Butyl pentanoate
61812,Butyl 2-methylbutyrate
8060,Amylamine
6405,2-Methyl-2-Butanol
31278,Butyl Stearate
440936,arbutin
7664,103-61-7
62592,Heptyl butyrate
17129,2-METHYLBUTYL 2-METHYLBUTYRATE
62341,1-Phenylethyl acetate
637563,trans-Anethole
5364519,cis-3-Octen-1-ol
11176,Propyl Isovalerate
5463875,2-Octen-1-ol; acetate
43263,2-Pentyl butyrate
6276,1-Pentanol
5319706,Methyl Linolenate
5144,safrole
14778,Calcium Oxide
12398,Heptadecane
8222,Eicosane
219794,5-Hydroxyoctan-4-one
12534,Tricosane
12403,Heneicosane
11635,Octadecane
12508,Isopropyl Propionate
5281553,Ocimene
519382,Dihydro-beta-ionone
7695,4-Methoxybenzyl acetate
61054,4-Methoxybenzyl formate
5281670,morin
446925,Lycopene
18818,Sabinene
22310,Epoxylinalool
82336,Methyl 2-(dimethylamino)benzoate
1550846,Cinnamonitrile
5315912,(Z)-Cinnamyl acetate
7463,P-Cymene
6877,Ethyl 2-aminobenzoate
5363817,alpha-Ionol
61325,4077-47-8
7852,Propylamine
5370052,3-Oxo-alpha-ionol
7643,Methyl 3-phenylpropionate
5280462,Vomifoliol
7410,Acetophenone
5373729,beta-Ionol
61151,Methyl 2-methoxybenzoate
61135,2-methylpropyl but-2-enoate
221691,Hexyl phenylacetate
522214,Isopropyl 2-methylbutyrate
6450832,Vitispirane
6558,Isobutylamine
85522,Methyl (methylthio)acetate
311,citric acid
5367682,cis-3-Hexenyl pentanoate
5352463,2-Hexenyl propanoate
7438,Carveol
5365049,cis-3-Hexenyl propionate
6432005,gamma-Eudesmol
125468,Tiglic Acid
61126,Verbenol
98497,Campholenic aldehyde
5355856,Geranyl butyrate
12344,5-Methylhexanoic Acid
31211,Vanillylacetone
9855795,Valencene
5352162,Neryl butyrate
145659,Sinensetin
6508206,6753-98-6
6826,Methyl 2-(methylamino)benzoate
403919,CHEBI:49249
11463,Terpinolene
6616,Camphene
10106,1;4-Cineole
6918391,Beta-Elemene
5281680,Quercetagetin
235284,MLS002607979
26049,3-Carene
7461,Gamma-Terpinene
1119,sulfur dioxide
7439,Carvone
5320250,(Z)-Beta-Ocimene
326240,Nomilin
288227,Valencen
5281535,beta-Sinensal
5281534,Alpha-Sinensal
92138,Elemol
20797,4674-50-4
72344,Nobiletin
16800,2-Pentylpyridine
4453,1-(4-{[4;5-dihydroxy-6-(hydroxymethyl)-3-[(3;4;5-trihydroxy-6-methyloxan-2-yl)oxy]oxan-2-yl]oxy}-2;6-dihydroxyphenyl)-3-(3-hydroxy-4-methoxyphenyl)propan-1-one
5281607,chrysin
5354882,Neryl formate
1268142,Nootkatone
66654,Xanthoxylin
17868,3-Thujene
11744854,Sabinene hydrate
93081,beta-Cubebene
16441,Perillaldehyde
8835,Citronellyl butyrate
12391,Pentadecane
440917,D-Limonene
228769,Octyl isovalerate
62350,p-Menthan-2-ol
61780,Perillyl acetate
5281697,Scutellarein
6432404,(+)-gamma-cadinene
6428986,trans-.alpha.-bergaptene
86609,.alpha.-Cubebene
61098,Linalyl propionate
3819217,489-53-2
12389,Tetradecane
11168,Methyl Thiocyanate
8042,Isopropyl Myristate
12405,Docosane
1140,toluene
5364409,Methyl 2-Hexenoate
6432254,Linalool A oxide
11142,Beta-Phellandrene
7650,Benzyl butyrate
5541,triacetin
6428573,CHEBI:88903
12388,Tridecane
196,adipic acid
2346,benzyl isothiocyanate
8698,Butyl Benzoate
11006,Hexadecane
7237,O-Xylene
8182,Dodecane
31210,Butyl phenylacetate
3102,Benzophenone
16330,Butyl salicylate
5364532,Methyl oct-2-enoate
519845,Methyl 3-hydroxyhexanoate
5362782,3-Hexenoic acid; methyl ester
33960,6-Pentyl-2H-pyran-2-one
5352428,(Z)-4-Hydroxy-6-dodecenoic acid lactone
78879,3-Methyl-3-butenyl acetate
5364941,trans-2-Nonen-1-ol
5367681,cis-3-Hexenyl isovalerate
92794,Prunin
5352973,(E)-2-Hexenyl hexanoate
61040,Linalyl formate
5362592,Propyl 2;4-decadienoate
5463904,Ethyl trans-2-decenoate
5463485,2;4-Decadienoic acid methyl ester
17008,Methyl 4-methylvalerate
8821,Ethyl Acrylate
5366856,4-Octenoic acid; methyl ester
31266,Allyl hexanoate
263620,ethyl 3-acetoxy-2-methylbutanoate
65425,Methyl 4-(methylthio)butyrate
7943,Dimethyl malonate
6420258,Ethyl 5-hexenoate
11593,Acetoxyacetone
68148,Chavicol
5352774,Methyl (Z)-oct-4-enoate
5323650,Methyl sorbate
526152,Methyl 5-acetoxyhexanoate
12044,Isopropyl Isobutyrate
5352461,trans-2-Hexenyl butyrate
5366352,Acetaldehyde ethyl cis-3-hexenyl acetal
5365069,53398-85-9
5281804,Prunetin
61362,d-Piperitone
517827,103-95-7
5281163,Ethyl tiglate
12578,4'-Isopropylacetophenone
10362,Carvomenthone
33637,2-Methylanisole
7820,Dimethyl Succinate
5282110,Cinnamyl acetate
5365909,2-Methyl-2-Pentenoic Acid
6435866,2-Methyl-3-pentenoic acid
61096,Octyl propionate
31219,Benzyl Propionate
102024,cis-Carvyl acetate
520455,Octyl 2-methylbutyrate
61334,4166-20-5
7778,Citronellyl formate
5365991,Neryl isobutyrate
778574,Isobutyl cinnamate
89306,2-Bornyl propionate
5365992,Geranyl caproate
8863,Hydroxycitronellal dimethyl acetal
61031,2-Methylundecanal
5367785,Geranyl tiglate
62321,Linalyl butyrate
243783,Cyclohexyl butyrate
5362830,Geranyl isovalerate
5365982,Neryl propionate
17697,Pentadecanal
86753,p-Menth-1-en-9-ol
62328,Terpinyl propionate
62367,Sabinene hydrate
61781,Limonen-10-yl acetate
6430738,cis-limonene 1;2 oxide
10856614,Alpha-Selinene
6428089,Methyl dl-jasmonate
111037,Alpha-Terpinyl Acetate
449290,(+)-trans-Limonene oxide
3879,lanatoside C
7792,3;7-Dimethyl-1-octanol
14104,Thymol methyl ether
86597,alpha-Bisabolene
6436627,Ocimen quintoxide
6370843,(1Z;4Z)-germacrene B
14257,Undecane
8205,Dodecyl Acetate
64685,Borneol
8141,Nonane
521334,gamma-Selinene
89316,Cyclohexene; 4-ethenyl-4-methyl-3-(1-methylethenyl)-1-(1-methylethyl)-; (3R-trans)-
527144,P-Menth-1-en-9-yl acetate
330573,(-)-cis-Carveol
519764,.beta.-Sesquiphellandrene
7738,4-Methoxybenzyl Alcohol
125,4-hydroxybenzyl alcohol
8419,3;4-Dimethoxybenzaldehyde
17029,9-Octadecenal; (9E)-
31244,4-Methoxybenzaldehyde
20748,Methyl cyclohexanecarboxylate
61808,2-Isopropyl-4-methylthiazole
67521,1;2;3;5;6-Pentathiepane
79828,Tetrasulfide; dimethyl
11002,Dibutyl sulfide
141850,1-Phenylethanethiol
57501028,2-[(Methylthio)methyl]-2-butenal
17121,1-Octen-3-yl acetate
521873,2-Furanmethanethiol; 5-methyl-
61134,Benzyl butyl ether
97730,2-Nonenoic acid
31353,Linalyl benzoate
7146,2-Phenylpropanal
87793,2-Hexylthiophene
162293,2;4-Dimethyl-5-ethylthiazole
20995,2-Pentylthiophene
138818,Methanedithiol
14109402,Ganoderic acid A
21712,5550-12-9
85053,2-Ethylthiazole
8058,Hexane
27458,2;3-Diethylpyrazine
31231,4-Methoxyphenylacetone
10231,Dillapiole
14525,Fenchone
7478,4-Methoxybenzoic Acid
159055,D-Camphor
1201521,D-Fenchone
4276,Myristicin
1549040,cis-Anethole
107217,Fenchyl acetate
10659,Apiole
443160,(+)-alpha-phellandrene
439250,(-)-Limonene
16591,Allyl Propyl Disulfide
520895,3;5-Diethyl-1;2;4-trithiolane
13367,Allyl Mercaptan
10722,2-Methylbenzaldehyde
62434,Allyl Methyl Disulfide
61926,Allyl Methyl Trisulfide
57370186,156420-69-8
12514,2;5-Dimethylthiophene
98280,2-amino-3-(prop-2-en-1-ylsulfanyl)propanoic acid
15654,4-Methyl-5-Vinylthiazole
66282,Allyl methyl sulfide
68960,Isobutyl isothiocyanate
16592,Methyl propyl disulfide
8118,Propyl sulfide
5319765,Methyl propyl trisulfide
7041,2;6-Dimethoxyphenol
25916,3-Ethyl-2;5-dimethylpyrazine
75552,Diallyl tetrasulfide
11617,Diallyl Sulfide
9793905,S-allyl-L-cysteine
16590,Diallyl Disulfide
5462988,methyl (9E;12Z)-octadeca-9;12-dienoate
57357963,33368-82-0
12377,Dipropyl disulfide
16315,Diallyl trisulfide
31404,2;6-Di-tert-butyl-4-methylphenol
10451,1;3-Dithiane
62375,Benzaldehyde dimethyl acetal
5281617,Genkwanin
5315594,AC1NST8Q
91354,Aromadendrene
442009,carnosol
440967,(-)-beta-Pinene
522266,Spathulenol
6448,Bornyl Acetate
12305247,CID 12305247
5322111,Caryophyllene
519662,l-.alpha.-Cadinol
6431015,Cedr-8-ene
92221,(+)-Camphene
94174,(1aR;4S;4aS;7R;7aS)-1;1;4;7-tetramethyl-2;3;4a;5;6;7;7a;7b-octahydro-1aH-cyclopropa[e]azulen-4-ol
324224,.beta.-Bourbonene
24434,Potassium Nitrate
261491,alpha-Thujone
11027,3-Thujanone
92116,(4R;4aR)-1;1;4;7-tetramethyl-1a;2;3;4;4a;5;6;7b-octahydrocyclopropa[e]azulene
169110,2-Acetyl-2-thiazoline
62897,Isopropenylpyrazine
19603,2-Heptylfuran
20861,4-Ethylbenzaldehyde
20819,Disodium 5'-inosinate
31492,2;4;5-Trimethyl-3-Oxazoline
8106,1-Hexanethiol
6421281,2;4;7-Tridecatrienal; (E;Z;Z)-
28906,3;5-Diethyl-2-Methylpyrazine
5916154,4-Methyl-2-Pentenal
6430759,2-trans-6-cis-Dodecadienal
10902,1;2-Ethanedithiol
62128,2-Methyl-3-tetrahydrofuranthiol
520144,1-Mercapto-2-propanone
13016,Benzyl methyl sulfide
524975,2;6-Dimethoxy-4-propylphenol
61955,furan-2-ylmethyl pentanoate
5370602,5-Methyl-2-phenyl-2-hexenal
5282724,2-Decenoic acid
8077,Diethyl Disulfide
61918,2-Acetyl-3-ethylpyrazine
62105,2;5-Dimethyl-1;4-dithiane-2;5-diol
17691,3-Methyl-2-Cyclopenten-1-One
440968,(-)-alpha-Pinene
12779,Benzyl methyl disulfide
60998,Isobutyl phenylacetate
529056,101517-87-7
5362661,2-Isopropyl-5-methyl-2-hexenal
228548,4;4-Dimethoxy-2-butanone
84234,Methyl phenyl disulfide
5429,theobromine
578817,3;5-Dimethyl-2-isobutylpyrazine
61155,2-Methoxyphenyl acetate
7531,2-Methyl-1-phenyl-2-propanol
60995,(2;2-Dimethoxyethyl)benzene
5363269,Ethyl oleate
19188,Phenoxyacetic Acid
6435914,4-methyl-2-phenylpent-2-enal
10873,(Ethoxymethyl)benzene
5281707,Coumestrol
5986428,2;4-Pentadienal
5377381,5;7-Dihydroxyisoflavone
22383,Dipropyl trisulfide
5368103,1-Butene; 1-(methylthio)-; (E)-
6210220,2-Methyl-3-(2-furyl)propenal
529481,3-methylnonane-2;4-dione
5362588,81925-81-7
7929,M-Xylene
91457,beta-Eudesmol
69600,2-Hydroxy-4-methoxybenzaldehyde
16741,Phenethyl isothiocyanate
7918,Acetic Anhydride
155007,Lilac aldehyde
176,acetic acid
521253,(-)-Zingiberene
61007,4-(4-Methoxyphenyl)-2-butanone
5352437,(E)-gamma-Bisabolene
9015,4-Methoxyphenol
16724,d-Carvone
30248,Dihydrocarvyl acetate
92139,Curcumene
61206,Farnesylacetone
61130,Myrtenal
16537,Terpinyl formate
7136,Acetyleugenol
381152,Piperitenone
8900,Heptane
10819,Perilla alcohol
5355853,Geranyl propionate
5280435,Phytol
122485,(1r;4r)-4-isopropyl-1-methylcyclohex-2-en-1-ol
443167,(+)-isodihydrocarvone
643915,Angelic acid
7335,Carvyl Acetate
24832101,Santalol; alpha- and beta-
642376,Butylidenephthalide
61361,Butylphthalide
173843,Sedanenolide
111274,UNII-R1AUQ945JN
86818,2-methyl-3-[4-(propan-2-yl)cyclohex-1-en-1-yl]propanal
102667,Pinocarveol
519361,(5xi;7xi;10xi)-eudesma-4(14);11-diene
12072,Dihydrocarveol
5317309,Falcarindiol
5363291,cis-3-Hexenyl pyruvate
5018391,Sedanolide
6987,Piperitone
66093,Valerophenone
94217,p-Menth-8-ene-1;2-diol
1742211,Caryophyllene oxide
24473,Dihydrocarvone
34645,Isopulegone
11467,gamma-Terpineol
565690,Menthyl isovalerate
10282,Piperitol
10248,Elemicin
7127,Methyleugenol
67179,(+)-Linalool
6552009,Borneol
1549045,cis-Methylisoeugenol
521332,STK020088
3473,gingerol
325,4-isopropylbenzyl alcohol
287687,Carotol; (+)-
92780,Crypton
21159022,CID 21159022
176983,p-Mentha-1;3;8-triene
520440,1-p-Menthen-9-al
6428458,Methyl cis-cinnamate
7888,Hydroxycitronellal
100031,4-Isopropenyl-1-methyl-7-oxabicyclo[4.1.0]heptan-2-one
65575,Cedrol
94164,Santalene
15094,7-methyl-4-methylidene-1-propan-2-yl-2;3;4a;5;6;8a-hexahydro-1H-naphthalene
61290,Methyl citronellate
80790,Carvacryl methyl ether
313,hydrochloric acid
101716,Globulol
5356544,Peruviol
638024,piperine
521185,4;8-Methanoazulen-9-ol; decahydro-2;2;4;8-tetramethyl-; stereoisomer
442482,(R)-(-)-alpha-Phellandrene
61125,beta-Caryophyllene alcohol
27208,beta-Bisabolol
11368078,(E;E)-2;4-Decadienoic isobutylamide
107152,Azulene; 1;2;3;4;5;6;7;8-octahydro-1;4-dimethyl-7-(1-methylethenyl)-; (1S;4S;7R)-
11746218,Caryophyllene alcohol
667450,AC1LDI49
5281404,Harmane
22833654,HMDB05796
6919,2-Furoic Acid
5320722,Propenyl propyl disulfide
5352460,68698-59-9
7651,Benzyl isovalerate
7966,Cyclohexanol
527435,3-Mercapto-2-methylpentanal
237332,5-Hydroxymethylfurfural
6430888,227456-27-1
5366552,Disulfide; methyl 1-propenyl
11240503,2-Mercapto-2-Methyl-1-Pentanol
529388,UNII-H5E892YJGG
61295,S-Propyl thioacetate
35349,Ethyl Propyl Disulfide
53472027,D-Isoleucine Methyl Ester Hydrochloride
98781,Allyl propyl sulfide
80046,Diisopropyl trisulfide
11094547,(Z)-Hex-4-enal
522458,Butyl propyl disulfide
12376292,UNII-M41Y60O5BZ
656566,AC1LCV7P
78160,Erucin
5399110,(2R)-2-isothiocyanatobutane
9601691,Glucobrassicin
5364920,trans-2-Penten-1-ol
6911854,Sinigrin
75263,Isopropyl isothiocyanate
76922,3-Butenyl isothiocyanate
87436,4-Pentenyl isothiocyanate
62351,3-(Methylthio)propyl isothiocyanate
12146,Cyclohexyl Acetate
5610,tyramine
65724,Verbenone
5281544,Oleuropein
7725,p-Tolualdehyde
62725,2-Isobutylthiazole
10452,1;4-Dithiane
6428936,Methialdol
12105,3-Methylbenzaldehyde
519539,2-sec-Butylthiazole
222285,Erythritol
62384,2;2;4-Trimethyl-1;3-dioxolane
643950,cis-Crotonaldehyde
8834,Citronellyl propionate
5363741,gamma-Ionone
1711944,UNII-3KCT4WMT7E
6028462,Angelaldehyde
444212,trans-Aconitic acid
22556,2-Dodecanone
34134,2;6-Nonadien-1-ol
5362720,cis-6-Nonenal
5362833,trans;cis-2;6-Nonadien-1-ol
42011,3;6-Nonadien-1-ol
5353545,MLS002702988
5362792,cis-6-Nonen-1-ol
5353547,Cucurbitacine E
743,Glutaric Acid
178,acetamide
643757,cis-Aconitic acid
3033866,Bisabolene
31408,Nopol
641256,2;4-Hexadien-1-Ol
61585,Celestolide
5365027,cis-2-Nonen-1-ol
7958,2;6-Dimethyl-4-heptanone
641294,4-Methoxycinnamaldehyde
6343,Ethanethiol
11251,3-Methyl-2-Butanone
24619,Calcium Iodate
519890,Methyl 2-methylpentanoate
110968,2-Ethyl-1-hexanethiol
5354833,cis-2-Nonenal
5363896,4-Methyl-2-phenyl-2-pentenal
6364,2-Propanethiol
448996,2-Nonen-4-one
5367530,(2E;4E)-Dodeca-2;4-dienal
518856,2;5-Diethyl-4-methylthiazole
12365893,2-Pentenal; (Z)-
574068,2-isobutyl-4;5-dimethyloxazole
33135,2-Ethyl-3-Methoxypyrazine
13572,6-Methylheptan-2-one
5282184,Ethyl Linoleate
61124,2;6;6-Trimethyl-1-cyclohexene-1-acetaldehyde
62378,Dihydrojasmone
69415,Pentyl isothiocyanate
78152,Heptyl isothiocyanate
78151,sec-Butyl isothiocyanate
95495,6;10-Dimethyl-2-undecanone
5366244,Phytol
78120,Hexyl isothiocyanate
145386,Phytol
6432469,Isomenthone
69816,Allyl thiocyanate
10812,M-Cymene
79086,3-Methylbutyl isothiocyanate
12581,3-Phenylpropanenitrile
887,methanol
12225100,55896-93-0
7809,P-Xylene
21587486,55123-21-2
7962,Methylcyclohexane
10943,1;3-Dichlorobenzene
11523,cis-1;4-Dimethylcyclohexane
15504,Ethylcyclohexane
356,octane
6344,Dichloromethane
14092,1-Methyl-3-Propylbenzene
10281,Thymoquinone
15600,Decane
439570,(-)-Carvone
7947,Mesitylene
13621,3-Ethyl-o-xylene
12395,1-Hexadecene
82229,l-alpha-Fenchone
10104370,beta-Bisabolene
443162,(-)-alpha-Terpineol
10680,Flavone
86608,alpha-Bergamotene
89421,dl-Codamine
44229138,(RS)-norcoclaurinium
262,2;3-butanediol
4680,papaverine
275196,noscapine
6427087,2E;4Z-Decadienal
1711945,Farnesyl acetone
2762759,2;5-dimethylthiophene-3-carbaldehyde
6433214,Bovolide
7364,Thiophene-2-carbaldehyde
61874,Octadienal
8907,Isopropyl Palmitate
107153,3695-24-7
33934,Diisooctyl phthalate
82227,7785-70-8
11586487,(R)-beta-himachalene
11830551,(-)-alpha-Himachalene
6428535,(1R;6S)-gamma-himachalene
76319594,(-)-alpha-Copaene
5281520,Humulene
15801179,99583-29-6
7975,2-Methylpyridine
7964,Chlorobenzene
5365710,1;3-Hexadiene; 3-ethyl-2-methyl-
7055,2-Methylnaphthalene
5281517,(E)-beta-farnesene
92313,(-)-gamma-cadinene
26058,2;2;4;6;6-Pentamethylheptane
5281611,3;7;4'-Trihydroxyflavone
